Sock_Age_Days,Color_Intensity,Washer_Spin_RPM,Dryer_Lint_Grams,Phase_of_Moon,Desperation_Index,Target_Vanished
103,0,800,17.86,Half,7,1
436,4,1200,18.34,Half,5,1
271,1,800,49.47,Crescent,9,1
107,4,1400,32.06,Half,8,1
72,7,600,27.5,Crescent,9,1
701,10,1400,42.23,Full,3,1
21,8,1400,15.69,Full,7,1
615,1,800,22.6,Full,9,1
122,2,600,14.85,Half,2,0
467,2,800,39.88,New,2,1
215,0,1000,29.52,New,7,1
331,7,800,33.62,Half,4,1
459,5,800,14.11,New,2,0
88,7,800,12.57,Crescent,9,1
373,10,600,25.44,New,10,1
100,8,800,37.4,Half,0,0
664,4,600,27.21,Half,2,0
131,2,1200,3.57,Crescent,8,1
662,4,1000,43.69,Full,4,1
309,4,600,5.1,Half,9,1
344,4,1200,47.88,Crescent,1,1
492,2,600,3.21,New,6,0
414,10,600,35.33,New,1,0
386,9,1000,5.95,Crescent,3,0
192,3,1400,45.71,Crescent,6,1
277,8,1400,24.29,Half,3,1
161,9,600,8.6,New,6,0
460,8,800,18.36,Crescent,6,0
314,1,1200,9.91,New,0,0
22,7,800,10.19,Crescent,5,0
253,7,800,47.51,New,8,1
561,6,600,23.37,Full,1,1
475,7,600,39.86,Half,2,0
59,2,600,32.7,New,9,1
511,5,600,34.47,Full,4,1
682,0,1400,8.32,New,8,1
476,6,600,13.24,New,3,0
700,0,1400,39.76,Full,0,1
190,8,1400,48.6,New,3,0
687,0,600,14.61,New,5,0
563,0,1000,15.04,Half,4,0
567,6,1200,24.7,Full,0,1
244,1,800,49.22,Full,3,1
505,4,1400,14.91,Crescent,5,1
131,7,1200,21.53,New,9,1
485,7,1000,44.79,Half,9,1
647,2,800,2.14,New,3,0
21,6,800,3.91,New,8,0
167,2,1400,31.0,Crescent,4,1
274,5,600,45.55,New,7,1
388,5,1000,13.47,Half,8,1
601,2,1400,24.54,Half,9,1
316,6,1000,23.62,Crescent,4,0
14,2,600,24.7,New,5,0
242,7,600,31.88,Half,0,0
346,9,1400,24.55,New,10,1
565,3,600,23.48,New,6,1
340,0,1200,24.77,New,3,1
92,3,800,30.36,Crescent,10,1
367,6,1400,27.78,New,1,0
455,10,1000,43.0,Half,4,1
428,3,1200,4.38,New,2,0
509,5,1400,42.0,Half,5,1
35,8,600,42.51,New,7,1
206,0,600,15.68,Half,6,1
81,4,600,24.22,Half,2,0
562,10,600,23.05,New,7,1
388,6,1000,12.49,New,1,0
2,0,1200,21.05,Half,9,1
390,3,800,4.13,Full,8,1
566,5,1000,15.34,Crescent,3,0
106,1,1000,41.2,Full,0,0
477,9,800,15.66,Full,7,1
703,4,800,41.27,New,6,1
402,10,600,27.52,Crescent,10,1
556,9,1000,44.23,Full,4,1
162,0,1400,29.59,New,9,1
202,5,800,3.42,Full,4,0
270,5,800,34.42,Full,6,1
271,3,1200,4.15,New,4,0
456,7,1400,23.63,New,7,0
462,3,1400,46.61,New,10,1
727,7,800,9.93,Crescent,5,0
252,7,600,20.71,Full,4,0
702,4,1200,37.03,New,8,1
296,3,1400,44.35,Half,10,1
725,1,800,34.21,Full,1,1
720,10,1400,14.39,Half,0,1
338,2,1200,34.38,Crescent,7,1
53,2,1200,16.24,New,2,0
217,3,1000,36.48,Half,10,1
188,3,800,47.79,Crescent,6,1
380,9,1200,36.63,New,9,1
493,10,1000,43.42,Half,10,1
41,10,1000,2.1,Half,7,0
157,4,1400,36.44,Crescent,5,1
15,3,1400,41.82,New,9,0
65,10,1000,3.95,New,8,1
521,9,1400,43.84,Half,6,0
344,7,1200,14.32,Half,9,1
129,5,600,33.93,Half,4,1
648,5,1200,40.42,New,7,1
472,7,1000,33.81,Crescent,1,0
63,6,1000,6.43,Crescent,6,0
139,9,1200,30.62,New,3,0
499,10,1400,28.38,Full,8,1
593,9,1400,45.22,Crescent,0,1
392,7,1000,21.4,Half,6,0
675,1,800,17.41,Full,5,1
419,8,1400,37.99,Full,7,1
289,0,1200,21.81,Crescent,4,1
379,7,1400,33.01,Full,0,1
490,10,1200,33.03,Full,0,1
231,3,1000,44.63,Crescent,8,1
41,3,1400,30.74,Crescent,9,1
28,4,1200,26.1,Full,5,1
135,7,1000,8.67,Half,9,1
201,4,800,7.56,New,4,0
33,7,1200,9.41,Full,0,0
48,9,800,10.25,Full,5,0
503,0,800,32.62,Half,5,0
407,9,600,37.57,Full,2,0
574,8,1400,27.44,Full,7,1
728,5,1200,41.79,New,0,1
99,2,800,49.58,New,0,1
684,7,600,41.36,New,5,0
726,8,1000,35.35,Crescent,9,0
547,5,1200,27.56,Crescent,0,0
613,10,800,23.54,New,5,0
462,6,1400,6.05,New,0,0
643,0,600,21.17,Crescent,5,1
5,4,800,45.69,Half,2,0
218,4,1400,40.79,Full,7,1
503,9,800,12.37,Full,5,1
398,3,1200,24.4,New,10,1
393,5,1200,41.2,Half,0,1
207,6,1200,5.23,Crescent,4,0
15,8,600,20.59,New,7,1
554,0,1200,42.89,Half,2,0
461,5,1400,21.39,Half,5,1
691,6,800,5.73,Half,4,0
575,2,1000,28.04,Crescent,5,1
241,7,1400,43.36,Crescent,9,1
564,4,1400,30.33,Full,0,1
96,8,1200,12.86,Full,6,1
485,4,600,20.44,Half,8,1
407,8,800,23.61,Half,1,0
231,9,600,29.8,Crescent,9,1
655,3,800,38.45,Full,4,1
171,8,800,6.75,Half,9,1
541,4,600,44.7,Full,3,1
36,9,1400,2.59,Full,5,0
525,8,800,19.76,Half,5,0
160,2,600,3.32,Crescent,10,0
699,3,800,20.86,Half,1,0
243,8,1000,27.24,Half,1,0
86,9,1400,26.56,Full,3,1
578,10,1200,9.95,Half,0,0
682,5,800,33.0,Crescent,8,0
557,1,1000,4.15,Half,6,1
574,6,1200,38.57,Crescent,6,1
646,1,1200,47.44,Crescent,2,1
28,10,800,18.31,Full,10,1
620,1,600,26.83,New,2,1
556,10,800,20.19,New,0,0
340,0,1000,2.32,Full,2,1
331,10,1200,20.52,Half,2,1
640,10,800,40.0,Full,3,1
506,10,600,30.61,Crescent,3,0
348,2,800,6.86,New,2,0
473,5,1400,42.66,Full,9,1
231,7,600,27.49,Half,7,0
190,8,1000,42.4,Full,7,1
225,6,1200,29.85,New,0,0
385,3,800,28.87,Full,6,1
377,5,600,7.05,Full,10,1
283,4,1400,10.03,New,1,0
633,7,600,48.66,Crescent,0,0
628,0,1400,12.97,Crescent,2,1
259,0,1000,48.92,New,3,1
359,10,1200,27.53,Full,5,1
710,5,1000,8.52,New,9,1
456,9,800,6.77,Crescent,4,1
411,1,600,12.03,Half,3,1
649,4,1400,46.43,Full,7,1
318,0,1400,21.88,Crescent,10,1
677,6,600,20.98,Full,3,0
225,0,600,17.03,New,9,1
234,3,800,9.06,Half,1,0
684,8,1000,25.42,New,2,1
664,0,1400,8.24,Half,5,1
374,3,800,42.1,Full,7,1
672,5,1000,19.78,Full,7,1
608,5,800,19.99,New,10,0
472,7,1400,24.75,Half,8,1
233,0,600,23.32,Half,6,0
692,6,600,49.75,Full,1,0
113,0,1000,28.18,New,7,1
497,6,1200,6.23,Half,6,1
442,2,1000,31.13,Full,7,1
564,10,1200,9.28,Crescent,2,1
268,7,800,3.49,New,6,0
510,2,800,48.6,Crescent,9,1
386,0,1400,39.13,New,8,1
387,7,1200,49.05,Full,2,1
113,2,1400,24.94,Half,9,1
613,1,600,27.55,Half,5,1
625,0,1200,10.08,Half,1,0
81,2,1000,13.85,New,1,0
699,1,600,42.25,Full,4,1
113,1,600,19.1,Crescent,4,0
2,5,1000,41.69,Full,6,1
642,0,600,36.03,Crescent,1,0
220,1,1200,10.5,New,10,1
566,5,1400,26.36,New,6,1
225,2,600,34.51,Crescent,4,1
385,3,1200,13.28,Crescent,5,1
403,0,800,41.87,Crescent,7,0
638,7,1200,28.15,Full,9,1
130,6,1400,9.93,Crescent,3,0
53,6,1200,29.98,New,6,0
684,2,1000,49.99,New,5,1
672,9,1400,9.23,Half,9,1
710,9,800,41.2,Crescent,1,0
416,2,1000,11.95,Full,7,1
247,1,1200,39.55,Full,9,1
439,0,1400,37.26,Full,8,1
203,6,800,16.42,Half,4,0
184,6,1000,17.64,New,9,1
123,1,800,40.04,Full,3,1
401,6,1200,24.15,New,5,1
294,7,800,37.08,Half,7,0
280,0,600,9.1,Crescent,10,1
610,8,1000,42.92,Crescent,2,0
198,6,800,36.12,Crescent,9,1
511,2,1200,45.53,Full,10,1
144,7,1200,8.35,Crescent,10,1
609,6,800,30.46,Full,0,0
201,10,1200,30.76,Half,3,0
124,7,1400,18.97,Half,3,0
187,5,1400,24.01,Full,0,1
326,8,1400,3.82,New,8,1
464,4,600,37.8,Crescent,2,0
349,2,800,28.37,Crescent,4,1
660,2,600,4.77,Crescent,5,0
403,0,1200,34.68,Full,7,1
346,7,600,24.41,Half,5,1
511,1,1200,3.65,Crescent,2,0
147,2,1200,48.54,Half,5,1
148,7,1000,47.56,Crescent,0,0
711,7,1400,26.62,Crescent,3,0
489,10,1200,6.5,Full,5,0
640,3,1000,38.22,New,6,1
551,3,1400,25.61,Full,10,1
338,4,1200,16.52,Crescent,10,1
641,5,1200,25.59,Crescent,9,1
473,4,600,27.08,New,2,0
151,6,600,29.01,Half,8,1
415,1,1400,23.18,Half,6,1
298,6,1200,31.08,Crescent,0,0
611,9,800,46.1,Half,1,0
263,6,600,19.39,Crescent,0,1
144,0,1400,36.83,New,10,1
346,6,1200,44.93,New,8,1
624,4,1200,23.89,Crescent,8,1
572,2,800,23.29,New,6,1
2,2,1400,30.9,Full,9,1
304,3,1200,30.39,Full,2,1
254,1,600,40.72,New,4,0
652,1,800,24.87,Crescent,3,1
453,0,1400,49.81,Crescent,6,1
37,4,800,4.85,New,8,1
160,3,600,2.15,Half,1,0
9,10,1400,32.73,Full,7,1
233,9,800,16.32,Half,8,1
99,1,1000,13.54,Crescent,9,1
659,2,600,16.97,Crescent,9,1
208,6,600,14.29,Half,8,0
131,6,600,3.48,New,9,0
404,3,1000,48.63,Half,6,0
152,4,1000,12.6,Half,8,1
54,4,1200,37.23,Full,8,1
120,5,800,38.6,Full,2,1
673,8,1200,46.6,Half,3,0
628,1,800,3.47,Half,1,1
587,4,1000,43.86,Crescent,9,1
625,2,1000,27.31,Full,2,1
420,3,1200,32.36,Full,10,1
422,9,1400,32.93,Crescent,10,1
104,5,1200,41.35,New,4,1
254,7,800,18.0,Full,4,1
227,0,1200,37.19,Full,5,1
112,9,600,27.37,New,6,0
510,7,800,40.08,Full,6,1
473,10,800,49.55,Full,0,0
99,6,1400,11.63,New,1,0
153,0,1000,49.74,New,8,1
338,1,800,6.31,Half,9,1
706,2,1000,2.11,Crescent,1,0
163,0,1200,4.12,Crescent,5,1
720,8,600,18.41,New,10,1
681,7,1400,32.38,New,10,1
161,1,1000,5.31,Full,0,0
580,8,800,2.27,Half,2,0
398,6,1000,46.98,Half,1,1
277,8,800,41.45,New,2,1
504,5,1000,40.84,Full,4,1
392,5,800,44.45,Full,10,1
135,10,1200,35.6,Crescent,9,1
195,3,800,7.01,Crescent,5,1
401,9,800,21.16,Full,8,1
640,9,600,36.71,Crescent,10,1
33,1,800,15.46,New,9,1
688,6,600,35.0,Full,3,1
460,4,1400,3.18,Crescent,6,1
470,10,600,16.69,Half,5,1
375,5,1200,28.36,Full,1,1
22,1,600,32.34,Full,9,1
670,4,1400,29.7,Half,10,1
38,9,1200,35.49,New,10,1
230,3,1000,2.29,Half,10,0
365,8,1000,6.85,Full,7,1
563,5,600,43.71,New,6,0
438,1,600,34.72,Crescent,6,1
283,0,1400,7.42,Crescent,7,1
27,4,1400,42.42,Crescent,10,1
226,8,800,13.63,Full,0,0
277,5,1400,24.96,Half,0,1
609,9,800,8.97,New,7,0
284,6,1200,36.09,Crescent,3,0
481,4,600,34.01,New,4,0
453,9,1200,12.13,Full,7,1
659,5,1400,43.44,Crescent,4,1
516,4,1200,21.26,Full,9,1
547,10,1200,16.04,Half,3,1
192,8,1200,9.31,Full,5,0
49,5,1400,14.78,Full,4,0
512,10,1200,3.06,Half,6,1
17,7,800,30.0,New,9,1
172,1,1400,42.43,Half,6,1
220,8,1200,28.35,Half,3,0
158,4,1400,12.53,Full,4,1
477,6,1000,3.62,New,2,0
46,9,800,12.3,Crescent,3,0
373,0,1200,21.97,Half,3,1
518,9,1000,38.46,New,2,0
99,4,1000,11.02,Half,9,1
37,9,1400,36.55,Half,4,1
280,1,1000,43.61,Half,4,0
349,5,800,23.79,Half,10,1
497,10,800,41.43,Full,6,1
302,0,600,28.62,New,3,0
181,2,800,32.58,New,3,0
607,4,1000,27.26,New,8,1
99,3,800,24.23,Half,5,1
700,2,1400,13.26,Full,3,1
116,9,600,16.55,Half,1,0
191,4,1000,15.92,Half,5,1
253,10,600,29.04,New,1,1
161,7,1000,7.76,Half,4,1
256,10,1400,46.01,Crescent,5,1
323,3,600,36.59,Half,3,0
128,0,1200,21.27,Crescent,2,1
18,10,1000,9.61,Half,6,0
566,6,1200,44.34,Full,1,0
570,7,600,41.54,Full,10,1
323,2,1200,36.64,New,5,1
686,5,1200,15.03,Half,3,1
626,1,600,21.32,Crescent,5,0
288,6,1400,6.93,Crescent,3,0
663,7,1200,11.07,Half,3,1
639,5,1200,39.58,Crescent,3,1
155,5,1400,36.32,Full,8,1
490,4,1200,30.49,Crescent,6,1
386,7,1200,44.99,New,2,0
104,0,1200,30.0,Full,2,0
393,9,800,24.41,Full,5,0
246,3,1400,18.34,Full,5,1
176,3,1200,47.14,Half,3,1
39,2,1400,5.97,Half,8,1
477,2,1000,46.68,Full,3,1
682,3,1000,41.68,Half,8,1
538,10,1200,8.24,Crescent,3,0
408,0,1400,29.12,Half,1,1
525,10,1400,43.59,Half,1,0
506,10,1400,29.45,Full,4,1
36,1,800,45.55,New,3,1
685,8,1000,47.26,New,6,0
20,9,1400,22.27,New,10,1
321,1,1400,20.11,Crescent,4,1
512,4,800,46.94,Half,5,1
400,8,800,34.41,New,9,1
654,8,1400,7.57,Full,3,1
471,7,600,4.03,New,1,0
143,0,1400,29.1,New,9,1
92,0,1400,46.65,Half,8,1
354,8,800,42.52,Half,9,1
727,10,800,34.44,Half,6,0
51,7,1400,8.68,Crescent,3,0
665,9,1400,14.2,Crescent,2,0
698,8,1400,44.02,New,9,1
575,6,800,10.77,Half,2,0
190,2,1400,15.37,New,8,1
125,2,1400,8.22,Full,4,1
150,1,1200,34.45,Full,2,1
314,4,600,47.31,Half,4,0
570,2,1000,14.91,Half,1,0
342,5,600,24.82,Full,10,1
305,1,1200,32.45,Half,3,1
692,2,1000,49.97,Crescent,9,1
682,4,1400,7.03,Crescent,1,1
54,10,1200,25.93,Half,1,0
444,10,1400,20.49,Full,7,1
613,0,800,43.56,New,0,0
264,0,1200,24.85,Half,6,1
53,9,800,7.33,Half,4,0
572,8,1200,32.45,New,10,1
620,6,1200,39.0,Half,7,1
5,0,800,2.14,New,0,0
103,7,1000,43.23,Full,10,1
196,2,600,10.93,Crescent,6,1
350,7,1400,28.5,Full,4,1
47,4,1200,21.96,Crescent,3,0
656,0,1400,36.54,New,6,1
269,6,800,19.82,Crescent,9,0
370,4,1400,43.75,Full,1,1
636,5,800,37.06,Crescent,0,0
106,5,1400,33.09,New,0,0
670,7,600,40.22,Crescent,10,1
659,8,600,38.19,Half,0,0
657,1,600,3.73,Full,4,1
120,8,600,20.95,Half,9,1
604,10,600,46.68,New,6,0
58,9,600,8.03,Crescent,1,0
346,8,800,37.38,Half,9,1
474,9,1200,48.78,Half,7,1
117,9,1400,4.51,Crescent,3,1
127,6,600,34.75,Crescent,2,0
393,0,800,24.47,Full,9,1
641,6,800,29.8,Half,10,1
58,9,800,6.1,Half,7,0
634,4,1200,4.06,New,1,1
513,5,1400,34.01,Full,10,1
96,9,1200,41.52,New,10,1
638,6,1000,39.54,Half,2,1
118,4,800,28.1,New,2,0
560,6,1000,6.79,Half,9,1
601,8,600,35.03,Half,10,0
488,2,600,13.61,New,0,0
237,7,1200,45.73,New,5,1
272,1,1400,42.24,Crescent,1,0
189,10,1000,36.05,Crescent,0,0
704,6,1400,47.54,Crescent,1,1
447,1,1200,3.51,Half,5,1
581,3,600,37.34,New,3,1
247,6,1400,17.85,Full,5,1
76,2,1400,45.49,Half,8,1
154,1,600,14.8,Full,9,1
656,10,1000,36.79,New,9,1
435,9,600,44.13,Half,7,1
86,6,1400,4.0,Full,0,1
697,0,1000,21.09,Full,7,1
285,7,1000,38.59,Crescent,8,1
220,2,600,23.84,Crescent,5,0
69,1,1400,14.83,Crescent,9,1
47,2,1200,12.55,Half,4,0
94,4,1400,8.31,New,5,0
453,10,800,43.14,New,5,1
204,7,1200,29.62,Crescent,8,1
218,9,1000,5.67,Crescent,3,0
474,6,1200,20.36,Crescent,1,0
432,6,1000,19.65,Full,10,1
341,6,1000,10.72,Crescent,10,1
551,7,1200,22.9,Full,8,1
612,0,1000,17.94,New,1,0
289,3,1000,18.41,Half,9,1
254,5,800,37.47,Half,8,1
357,8,1400,12.72,Half,1,1
23,1,1400,32.81,Half,7,1
522,0,800,29.39,Full,8,1
100,9,1200,29.27,Full,9,1
180,1,600,33.82,Crescent,8,1
223,6,600,28.32,Full,9,1
659,2,600,44.2,Crescent,8,1
442,9,800,34.43,Crescent,1,1
608,1,800,28.25,Half,3,0
325,10,1000,41.83,Full,6,0
516,6,600,31.1,Full,1,0
16,1,1200,15.97,Crescent,0,0
336,2,1200,11.94,Crescent,2,1
258,10,600,9.31,New,3,0
497,6,600,45.17,New,7,0
160,3,600,36.09,Crescent,5,1
475,0,800,46.99,New,10,1
664,4,800,30.96,New,1,0
690,8,800,24.72,Crescent,8,1
675,7,1400,4.87,Crescent,1,0
380,8,1200,34.24,Full,4,1
545,9,1200,29.95,Crescent,3,1
691,8,1000,49.53,Crescent,6,1
427,6,800,13.48,Half,7,0
613,3,1400,27.48,Full,4,1
268,4,1400,33.25,Full,9,1
577,0,1200,32.94,Full,4,1
417,0,800,28.94,Half,1,1
168,2,1000,39.29,Crescent,7,1
43,7,800,11.84,Full,1,1
556,1,600,36.83,Full,9,1
285,3,800,31.75,New,5,0
397,1,600,45.01,Full,7,1
12,4,600,42.67,Crescent,5,1
607,8,1000,17.13,Crescent,3,1
302,0,1200,15.26,New,3,1
253,4,800,49.12,Full,5,1
499,8,600,27.31,Full,3,1
35,0,800,45.51,Full,7,1
727,8,1200,9.87,Half,8,1
90,7,1200,32.86,Full,0,0
605,3,1400,40.87,Crescent,3,1
602,10,1200,47.47,Crescent,3,1
418,9,1000,18.19,Half,1,1
115,4,600,36.8,Half,5,1
617,4,1400,27.86,Full,2,1
196,10,1000,4.91,New,6,0
501,5,800,35.12,Half,10,1
626,6,600,35.12,Half,10,1
493,7,1200,46.67,Full,4,1
75,7,600,25.87,Full,3,1
413,10,800,13.05,Half,4,0
376,1,1400,4.14,New,7,1
420,8,1400,21.95,Half,2,0
729,6,1400,16.49,Full,6,1
277,3,1200,38.53,Full,5,1
676,3,1000,19.0,Half,0,0
394,10,1000,47.56,New,6,1
457,7,600,48.19,Half,6,1
192,3,1200,31.8,Half,0,0
689,5,1400,46.58,Full,8,1
99,4,1400,38.52,New,5,1
548,2,800,28.25,Crescent,1,0
96,9,800,10.65,New,4,1
664,10,1400,24.01,Half,10,1
663,1,1400,28.92,Half,3,0
190,8,1200,43.47,Half,6,1
37,9,1000,25.1,New,7,1
369,8,800,45.09,Full,10,1
695,0,1000,34.37,Half,10,1
525,9,1200,8.58,Half,0,0
279,2,1400,49.76,New,4,1
217,7,1000,27.31,Crescent,2,0
273,5,1400,20.81,Crescent,0,0
62,4,1400,33.64,Full,2,1
596,4,600,7.23,Full,5,1
729,5,1000,32.55,Half,6,1
342,6,1000,25.92,New,7,1
397,0,1400,21.52,Half,10,1
699,8,1200,47.74,Full,3,1
19,2,600,27.08,New,2,1
177,3,1400,12.52,New,4,0
612,9,800,24.03,Full,8,1
396,0,800,46.13,Crescent,5,1
445,10,600,10.45,Crescent,8,1
233,9,1200,12.27,New,5,0
76,2,1400,2.63,Half,1,0
265,1,1000,2.68,Crescent,4,1
455,1,600,41.81,Half,10,1
718,0,1200,37.14,Crescent,8,1
384,7,1000,19.04,Crescent,7,1
564,2,800,35.52,Half,6,1
506,2,800,20.97,Full,0,0
367,5,1000,47.74,Crescent,3,1
144,7,600,48.42,Crescent,6,1
69,8,800,20.85,Half,10,1
99,8,1400,43.0,Full,6,1
396,3,1000,39.11,Crescent,5,1
25,4,1000,16.88,Crescent,7,1
469,1,800,13.14,Full,10,1
484,10,600,24.0,Crescent,5,0
565,8,1400,39.5,Full,9,1
151,7,600,48.09,Full,2,0
144,2,1200,38.65,Half,3,1
569,10,1200,43.05,New,2,0
39,8,800,30.95,Full,0,1
109,2,800,42.1,Half,9,1
693,8,800,39.65,New,4,0
42,1,1200,20.1,Crescent,0,0
186,9,600,28.5,New,0,0
398,8,600,40.63,Full,1,0
223,7,800,4.21,Full,3,1
634,8,1400,40.79,Full,5,1
133,4,600,10.54,Full,7,1
163,10,1200,26.7,Full,2,1
215,10,1000,40.8,Half,0,1
235,1,1000,14.18,Full,2,1
658,7,1000,13.8,Half,2,0
588,5,1400,21.33,Crescent,4,1
9,7,800,44.94,Full,10,1
74,10,1200,2.02,Full,3,1
492,4,1400,45.27,New,3,1
253,9,1200,9.38,Crescent,8,1
230,1,1200,49.52,Full,6,1
519,5,800,47.83,Full,3,1
174,4,1000,25.74,Crescent,2,0
653,4,800,26.61,Half,5,1
168,0,1400,25.11,Full,2,1
170,1,1400,32.5,New,5,1
393,7,1400,6.35,Full,10,1
634,2,800,3.57,New,10,1
194,9,1200,4.77,New,8,1
517,2,1200,23.33,Full,5,1
29,7,600,15.23,Full,3,1
165,7,1400,31.86,New,4,1
422,1,1200,49.64,Crescent,5,1
339,7,600,20.54,Crescent,10,1
648,10,1200,29.54,Full,2,0
496,0,1400,21.95,Half,7,1
365,5,1000,42.67,Crescent,3,1
342,7,1400,45.31,Full,7,1
500,2,800,44.11,Crescent,9,1
657,7,1200,48.77,Half,9,1
511,0,1200,3.32,Full,2,1
327,10,800,42.31,Half,9,1
217,10,800,38.09,Full,6,1
301,8,1000,12.98,Half,10,1
132,10,1200,47.9,Crescent,8,1
70,8,1200,9.11,Crescent,3,0
252,4,1000,34.62,Half,7,1
415,9,600,12.79,Half,2,1
445,3,1000,22.71,Half,6,0
182,10,1400,36.52,Full,2,0
167,5,1200,29.04,Crescent,6,1
91,6,800,22.52,Full,10,1
714,4,1400,17.66,Crescent,9,1
531,10,1200,42.3,New,9,1
39,9,1000,8.9,Full,10,1
126,8,1400,22.64,Crescent,10,1
451,2,1200,45.38,Crescent,5,1
173,6,600,42.6,Full,1,0
653,9,600,21.25,Full,10,1
220,9,800,38.63,Crescent,2,1
638,10,1200,41.51,Full,5,1
58,4,600,44.67,Half,3,0
660,6,1000,28.14,Full,5,1
476,1,1200,11.81,Full,0,1
456,3,1000,14.25,Full,9,1
361,1,1000,16.19,Crescent,0,0
1,6,600,30.5,Half,2,0
387,1,1200,3.57,New,7,0
348,10,1400,32.53,New,7,1
190,0,600,19.49,Half,10,1
505,8,600,16.17,Half,3,0
191,0,1200,44.22,Half,5,1
508,7,1200,24.08,Crescent,7,0
369,1,1000,6.56,New,6,1
409,7,1200,41.68,Half,10,1
117,2,1000,4.29,Crescent,6,1
134,5,600,36.88,New,3,0
58,2,800,39.15,Full,8,1
556,6,1400,18.92,Crescent,9,1
685,9,600,41.59,New,5,0
672,8,1200,26.75,Crescent,10,1
173,1,1400,24.24,New,2,0
149,4,800,4.18,New,4,0
80,5,800,15.92,Full,4,0
213,3,1000,46.69,Crescent,4,1
203,3,1400,20.81,Half,7,1
229,3,1000,28.24,Full,8,1
676,1,600,27.54,Full,8,1
227,3,1400,30.34,New,5,1
659,10,600,4.94,Half,5,0
532,0,1000,19.38,Crescent,8,1
441,5,1400,36.71,Half,3,0
402,0,1000,11.63,Half,5,1
47,9,1400,11.77,Half,3,0
233,5,1000,2.48,Half,10,1
305,0,800,23.0,Half,0,1
526,5,1000,44.37,New,6,1
143,9,800,4.49,New,9,0
415,7,1000,11.17,Full,10,1
513,10,1400,16.88,New,5,1
373,1,1400,37.12,Full,8,1
566,1,1400,32.75,Full,6,1
259,3,1200,21.97,Crescent,6,1
656,10,600,38.44,Half,1,1
471,2,1400,31.26,New,10,1
12,3,800,45.01,Crescent,8,1
330,6,1400,41.27,New,9,1
358,10,1200,14.14,Full,8,1
408,0,800,15.03,New,5,1
668,5,1200,8.02,Half,2,0
373,2,800,18.17,Full,0,1
8,10,1000,49.98,Full,3,1
122,9,600,21.48,Crescent,2,0
348,6,600,12.58,Half,0,0
676,9,1200,38.6,Full,2,0
90,1,600,28.04,Half,3,0
648,1,1200,9.18,New,7,1
698,3,1200,20.27,Half,8,1
316,0,1200,21.89,Full,2,1
178,2,600,38.18,Crescent,5,0
540,8,1200,2.99,Full,9,1
41,6,600,14.91,Half,10,0
704,6,1200,26.84,Half,4,0
502,10,1400,14.9,Full,5,0
145,3,1200,32.16,Half,3,0
201,1,800,25.13,New,9,1
724,3,1200,19.36,Full,5,1
461,5,1000,47.56,Crescent,6,1
558,10,1200,32.34,Full,8,1
547,10,800,8.24,New,9,0
253,2,800,28.88,New,6,0
390,0,600,39.48,New,5,0
594,7,1400,36.01,New,0,0
256,4,1200,10.26,New,1,0
709,4,600,48.68,Crescent,0,1
450,10,1400,23.54,Half,8,1
10,3,1200,9.63,New,9,1
242,5,1000,10.65,New,9,1
251,2,1200,6.72,Full,8,1
5,8,800,40.57,Crescent,6,0
119,4,800,7.86,Crescent,1,0
374,2,1000,8.01,Half,5,0
65,10,600,42.82,Crescent,10,0
146,0,1400,18.54,Full,3,1
224,9,1200,3.48,Full,0,1
239,5,800,4.49,Half,0,0
177,1,600,8.82,Full,4,0
282,2,1000,12.24,New,1,0
63,0,800,33.93,New,3,1
217,8,1000,9.55,Full,0,0
689,7,1200,7.71,Half,3,0
461,1,1400,38.71,Crescent,10,1
610,10,800,34.21,Half,5,1
105,7,800,22.9,Crescent,9,1
99,8,1200,28.37,Full,3,1
511,0,600,16.98,Full,0,0
385,4,1400,25.16,New,6,1
405,7,800,26.32,Crescent,1,0
518,10,1400,20.59,Half,8,1
476,1,800,45.52,Full,2,1
709,3,1400,2.77,Half,7,1
645,6,1000,39.54,New,7,1
437,2,800,7.97,Crescent,2,0
23,4,1400,40.28,Crescent,3,1
565,7,600,31.56,Full,1,1
677,9,1000,42.48,Crescent,3,0
714,2,1000,6.68,Full,10,1
458,3,600,28.83,New,10,1
83,8,1400,26.05,Crescent,10,1
145,6,1200,35.9,Full,8,1
85,0,600,27.65,Half,1,0
78,3,1400,27.96,Full,2,1
457,3,600,22.62,Crescent,10,1
1,8,600,16.82,New,10,1
51,5,800,25.15,Crescent,3,0
685,8,1400,7.69,Crescent,4,0
717,5,1200,48.15,Full,0,1
446,5,800,36.29,Half,6,1
449,4,600,47.72,Crescent,9,0
488,4,600,12.88,Half,6,1
34,1,600,44.21,Full,8,1
348,7,1400,40.82,Half,3,0
95,7,1400,34.5,Full,5,1
72,10,800,32.0,New,10,1
551,0,1200,17.19,Half,1,0
154,7,800,41.19,Half,3,1
250,4,1000,26.07,New,1,0
674,1,600,5.4,Half,9,1
438,1,600,17.02,New,4,0
118,5,600,46.89,Crescent,6,0
306,10,800,42.83,Full,0,1
268,8,800,49.13,New,9,1
54,0,600,32.14,Half,9,1
236,5,800,13.88,New,6,0
389,8,1400,9.82,Half,9,1
401,7,1400,10.97,Crescent,5,1
624,10,800,2.95,New,5,0
303,5,600,20.75,Crescent,7,0
207,2,800,11.19,Full,7,1
229,7,800,21.76,Half,5,1
578,8,800,46.88,Half,2,0
75,0,1000,22.67,Crescent,4,1
435,8,1400,44.14,Full,1,0
103,5,1200,31.06,New,4,1
422,5,1200,13.86,New,8,1
704,3,1000,19.08,Half,9,1
306,0,800,6.03,Crescent,0,1
98,9,1000,18.01,Crescent,9,1
335,7,1000,34.52,New,4,0
435,1,600,5.46,Full,5,1
447,0,1400,11.86,Full,10,1
308,1,1200,20.31,New,6,1
249,0,800,49.14,New,8,1
166,0,1200,39.67,Crescent,5,1
481,8,1200,37.21,Full,4,1
335,0,1400,7.58,New,6,1
542,3,1200,39.49,New,0,1
106,9,1200,39.69,Half,10,1
563,5,1000,30.85,New,4,0
81,6,1400,49.54,New,1,0
133,1,600,17.61,Full,3,1
138,5,800,47.18,Crescent,6,0
184,6,1200,45.91,Full,4,1
401,9,800,2.55,Crescent,5,0
330,9,600,23.61,Half,1,1
508,1,800,48.9,New,2,1
69,1,600,6.95,Half,6,1
546,9,1000,28.29,Crescent,10,1
53,6,1200,48.99,Full,1,1
450,0,600,28.66,Full,5,1
205,7,800,11.11,Half,4,0
126,10,1200,29.94,Crescent,9,1
43,2,1000,11.81,Half,0,0
111,10,1200,26.95,Half,10,1
663,5,600,5.55,New,9,1
183,8,1000,31.06,Half,10,1
95,5,800,26.81,New,3,0
374,8,1000,37.53,New,10,1
520,6,1000,32.27,Full,1,0
360,8,1400,28.38,New,3,0
696,1,1000,35.11,New,0,1
281,7,1000,8.91,Full,1,1
195,7,1200,30.58,Half,7,1
195,1,800,10.26,Crescent,5,1
667,3,1200,46.43,Crescent,1,1
93,10,1200,5.28,Crescent,5,0
672,6,600,22.66,Half,9,0
61,10,1200,35.4,New,8,0
634,3,1400,23.99,Crescent,6,1
51,3,1400,6.42,Half,8,1
403,5,600,28.56,New,4,1
5,9,800,32.8,Full,6,0
466,5,800,35.78,Crescent,10,1
604,9,1200,19.92,New,6,1
682,2,1200,29.06,Crescent,2,1
534,8,1200,23.63,Crescent,6,0
405,9,800,34.26,Crescent,0,0
513,10,1000,30.01,New,8,1
645,1,1400,27.24,Half,9,1
233,5,1000,13.98,New,5,0
524,6,1000,2.1,Crescent,4,0
346,8,800,10.36,New,6,1
46,2,1000,7.62,Full,4,1
546,9,600,23.56,Half,9,1
78,2,1200,31.39,New,4,1
73,6,600,12.23,Full,10,1
249,3,1400,47.07,Half,9,1
47,7,1200,2.32,Full,10,1
121,6,1000,39.07,Half,6,1
214,4,1400,32.01,New,9,1
239,6,1200,19.93,Full,6,1
56,2,1000,4.42,Crescent,10,1
350,1,600,32.12,Full,2,0
107,5,1200,20.51,Half,2,1
48,1,1000,46.94,New,9,1
573,2,600,28.02,Half,2,0
337,5,1400,47.1,Full,5,1
26,4,1400,12.58,Full,5,1
257,7,1400,36.83,Crescent,2,0
8,8,1400,31.63,New,2,1
625,10,800,37.49,New,7,1
253,2,1200,12.3,Full,7,1
692,9,1200,33.92,New,6,0
719,2,800,25.91,Crescent,9,1
303,2,1000,37.66,Half,3,1
639,5,1000,17.7,New,3,0
56,0,1400,44.72,Full,2,1
726,6,600,6.05,Half,4,0
526,0,1000,40.75,Half,2,0
474,4,600,43.34,Crescent,7,0
28,9,1200,41.23,Full,6,1
78,7,600,26.61,New,2,0
216,3,1200,23.04,Full,8,1
386,4,800,49.82,Half,4,1
365,3,800,13.0,Full,8,1
666,3,1400,28.25,New,6,0
526,7,1000,34.19,New,6,0
699,1,1400,35.64,Crescent,5,1
312,0,1200,11.79,New,1,0
7,2,1400,33.39,New,8,1
3,8,600,41.28,Full,5,1
623,3,1200,4.4,Full,7,1
363,9,800,45.75,Half,0,0
508,4,1000,3.42,Crescent,4,1
274,1,1200,19.09,Full,0,1
506,3,1200,2.76,New,9,1
15,1,600,5.7,Half,10,1
192,1,1000,45.74,Full,7,1
631,3,800,19.03,Crescent,7,1
485,5,1200,22.39,Crescent,0,0
28,6,1200,12.34,Half,8,1
714,9,600,30.66,Half,1,0
39,2,1400,30.55,Half,8,1
273,2,800,19.87,Half,0,0
231,9,1000,17.99,Half,9,1
86,5,1200,44.48,New,8,1
474,2,1200,20.4,New,3,0
126,1,800,25.69,Full,8,1
537,7,1400,15.6,Crescent,6,1
145,4,1200,39.76,New,10,1
525,0,800,21.08,New,5,1
212,2,600,26.65,New,4,0
25,9,1400,14.16,Full,10,1
580,7,1000,49.41,Half,8,1
394,3,1200,15.99,Full,1,1
67,6,800,39.0,Crescent,10,0
233,9,600,22.52,Crescent,1,0
109,1,1000,11.9,Crescent,10,1
146,6,800,40.39,Crescent,8,1
111,4,800,18.01,New,2,0
228,4,1000,43.53,New,7,0
111,5,600,45.93,Full,10,1
470,8,600,43.27,Half,8,1
34,5,1400,3.68,Crescent,7,1
623,7,1200,39.79,Full,3,1
369,6,1000,21.74,New,0,0
595,8,1000,43.94,New,3,0
554,3,1000,32.62,Half,8,1
425,1,600,42.01,Half,1,0
613,6,1200,25.97,Half,2,1
518,5,1400,27.68,Full,9,1
692,0,800,8.93,New,7,1
282,10,800,39.63,New,5,0
320,8,1000,22.13,Half,7,0
443,8,1200,26.0,Crescent,6,0
315,1,600,39.68,Half,4,1
377,2,1200,30.74,Full,8,1
289,4,1200,11.65,Half,3,1
437,4,600,30.33,Half,5,0
662,0,1000,21.57,Full,1,1
277,7,1200,24.54,Half,1,1
710,7,800,3.36,New,1,0
582,3,600,12.08,Crescent,9,1
503,6,1400,15.49,Half,6,1
624,10,1000,36.22,Full,1,1
516,9,600,2.55,Crescent,1,0
350,2,1400,21.62,Full,8,1
446,5,1400,46.35,Crescent,6,1
350,9,1200,7.37,Crescent,10,1
607,9,1200,26.79,Half,2,0
664,8,1200,39.75,New,2,1
137,0,600,47.24,Half,6,1
243,4,600,37.85,Full,4,1
543,3,1000,36.59,Full,9,1
40,7,1200,41.67,Crescent,5,0
229,10,1400,23.42,Crescent,7,1
548,0,800,40.68,New,8,1
223,8,1000,2.38,Half,0,0
6,5,600,46.38,Full,2,1
322,3,1000,23.28,Crescent,10,1
468,8,1000,28.56,New,6,0
75,10,1000,14.23,Full,5,1
4,4,1000,37.64,Crescent,6,1
646,4,800,5.68,Full,7,1
118,4,1200,43.89,New,5,1
606,0,1400,41.75,New,2,0
504,0,1000,12.37,Full,1,1
574,7,1000,40.85,Half,6,0
441,7,1000,39.75,Full,10,1
194,5,1200,32.35,Crescent,0,0
715,10,600,19.93,Half,2,0
392,3,600,15.03,Crescent,10,0
26,1,800,13.13,Full,3,1
435,1,600,17.29,Half,0,0
173,8,1000,45.37,Crescent,4,1
300,4,1000,5.73,Full,9,1
645,3,1000,41.79,Full,2,1
326,9,800,18.75,Half,1,0
410,0,1000,27.04,Full,2,1
118,6,600,40.14,New,7,1
724,2,1200,44.45,Crescent,5,1
225,5,1200,18.55,Crescent,6,1
532,4,1400,24.17,Full,5,1
113,4,600,21.9,Full,5,1
140,10,1000,2.64,New,2,0
559,4,1200,16.21,Half,7,1
1,0,600,24.04,Full,6,0
90,0,1200,21.73,Full,6,1
654,2,1000,36.65,Full,5,1
320,9,1200,20.47,Full,4,1
550,3,1400,25.49,Crescent,9,1
139,4,1400,22.62,Full,7,1
511,1,1200,37.55,Crescent,4,1
259,7,600,43.42,Full,8,1
673,10,600,27.53,Half,8,0
690,10,600,39.89,New,0,0
10,1,1200,16.25,Half,5,0
261,8,600,27.99,Full,6,1
650,1,1000,18.57,Full,2,1
172,8,1400,21.88,Full,6,1
13,6,1000,37.16,Half,10,1
168,7,600,44.32,Full,10,1
642,10,1000,7.83,Half,6,1
596,1,600,32.46,Crescent,10,1
321,6,1200,29.94,New,1,0
319,5,1000,7.68,New,6,1
613,3,1200,12.17,Half,0,1
329,6,1200,16.93,Crescent,4,1
550,3,800,10.01,Half,8,1
419,1,600,13.7,Crescent,6,1
